{
    "users": {
        "MAKU": {
            "password": "scrypt:32768:8:1$3XPVduxBc9a1cvMI$59a015e9048664fb55ff10b47c3ca50a2a3a321c31e0139885b5d0b58b9013dd183abc47eeb81fa4c01ba00cf0d2a797d3c0001a3971769f93850fc06888ba0e",
            "balance": {}
        },
        "Rox": {
            "password": "scrypt:32768:8:1$j6KF0KSBAY04ibt0$ef2997bcbca89210007f20bf0110ecd745feabf209b53e13b703e6538c7ed0fdf816e8181fcd3180040d2d33483b0730d332dba2b0c0a321431c5a3bed478ef2",
            "balance": {
                "p1": 1
            }
        },
        "Boo": {
            "password": "scrypt:32768:8:1$fvz1DgucBPZjbt5Q$1576271eefea49f8e413f900f2fca9dc64512a2ce4b7ba5475d42abe57bf20773f44ef50fb0833a5e037d576562ea3066d07571076d5b6037b088f23caae4378",
            "balance": {
                "p4": 2,
                "p3": 0
            }
        },
        "vinayak sarswat": {
            "password": "scrypt:32768:8:1$wByqNSKkyKcYHJTQ$8153e5cc0342d7c7fcb860ab969e9a4c2d872f5fe143007414d037a6e51a95d814cae7d3e42b837796e1412d43c93f5819bc1743adb34568446f758bf690366d",
            "balance": {}
        },
        "vinayaksarswat": {
            "password": "scrypt:32768:8:1$dAsJO9kn3nMZsTAg$51f2052a0932113a7896f6a1d6d40b8639a78a8417e19dd4be9b14433b7f53764f631072bcde1b4a1622b9c6dc0f12a79e8032730e30bf2c481c6f3b3f04709e",
            "balance": {}
        },
        "Ram": {
            "password": "scrypt:32768:8:1$rQrTFP8hv3no96cU$9486d6c7080d925672740b63874237eab05c3fb891fb211a552b685c9e59d7c3ba3eadc5a6d384b4451c10b494986f0477664a9c8389b53a2be9fb0736258d51",
            "balance": {}
        },
        "quick": {
            "password": "scrypt:32768:8:1$whjyFO6zFgLKjYwr$a22f3318c13d7c6617d1bc8be95e7b9a7f547a303b26bdd0ddaaee7e101b796aeddd65e3ac827aedf7267378b49afebb658222e9e14ccdc18fff37753adc54d5",
            "balance": {}
        }
    },
    "orders": {
        "01E3789C": {
            "id": "01E3789C",
            "user": "MAKU",
            "type": "payment",
            "status": "pending",
            "date": "2026-01-08 09:13",
            "item_name": "STARTER PACK",
            "details": {
                "type": "payment",
                "pid": "p1",
                "utr": "970505083",
                "method": "upi"
            },
            "method": "upi"
        },
        "122719ED": {
            "id": "122719ED",
            "user": "Rox",
            "type": "payment",
            "status": "completed",
            "date": "2026-01-08 09:14",
            "item_name": "STARTER PACK",
            "details": {
                "type": "payment",
                "pid": "p1",
                "utr": "637377",
                "method": "upi"
            },
            "method": "upi"
        },
        "97CCC587": {
            "id": "97CCC587",
            "user": "Boo",
            "type": "payment",
            "status": "completed",
            "date": "2026-01-08 09:16",
            "item_name": "LEVEL UP",
            "details": {
                "type": "payment",
                "pid": "p4",
                "utr": "7272636373738",
                "method": "upi"
            },
            "method": "upi"
        },
        "7D05DC97": {
            "id": "7D05DC97",
            "user": "Boo",
            "type": "service",
            "status": "completed",
            "date": "2026-01-08 09:16",
            "item_name": "LEVEL UP",
            "details": {
                "type": "service",
                "pid": "p4",
                "region": "INDIA",
                "guild": "305499292"
            },
            "method": "upi"
        },
        "0460C6BA": {
            "id": "0460C6BA",
            "user": "Boo",
            "type": "payment",
            "status": "completed",
            "date": "2026-01-09 15:40",
            "item_name": "LEVEL UP",
            "details": {
                "type": "payment",
                "pid": "p4",
                "utr": "7373733773",
                "method": "upi"
            },
            "method": "upi"
        },
        "CEB3EF01": {
            "id": "CEB3EF01",
            "user": "Boo",
            "type": "payment",
            "status": "completed",
            "date": "2026-01-09 15:40",
            "item_name": "GOD MODE",
            "details": {
                "type": "payment",
                "pid": "p3",
                "utr": "7373733773",
                "method": "upi"
            },
            "method": "upi"
        },
        "23E8ADD9": {
            "id": "23E8ADD9",
            "user": "Boo",
            "type": "payment",
            "status": "completed",
            "date": "2026-01-09 15:40",
            "item_name": "LEVEL UP",
            "details": {
                "type": "payment",
                "pid": "p4",
                "utr": "7373733773",
                "method": "upi"
            },
            "method": "upi"
        },
        "8DA1D3E5": {
            "id": "8DA1D3E5",
            "user": "Boo",
            "type": "payment",
            "status": "completed",
            "date": "2026-01-09 15:40",
            "item_name": "LEVEL UP",
            "details": {
                "type": "payment",
                "pid": "p4",
                "utr": "7373733773",
                "method": "upi"
            },
            "method": "upi"
        },
        "4FD59E4B": {
            "id": "4FD59E4B",
            "user": "Boo",
            "type": "service",
            "status": "completed",
            "date": "2026-01-09 15:43",
            "item_name": "GOD MODE",
            "details": {
                "type": "service",
                "pid": "p3",
                "region": "INDIA",
                "guild": "2580085222"
            },
            "method": "upi"
        },
        "9E70FE7C": {
            "id": "9E70FE7C",
            "user": "Boo",
            "type": "service",
            "status": "completed",
            "date": "2026-01-11 11:41",
            "item_name": "LEVEL UP",
            "details": {
                "type": "service",
                "pid": "p4",
                "region": "INDIA",
                "guild": "3039878609"
            },
            "method": "upi"
        }
    }
}